slug,title,description,category,datePublished,url,source
sports-lockers-build-a-locker-room-that-wins,Sports Lockers: Build a Locker Room That Wins,"Discover how sports lockers transform locker rooms and boost team culture. Get insights from 30+ years in building wood lockers for football, hockey, and more.",Locker Room Design,2026-02-17,/blog/sports-lockers-build-a-locker-room-that-wins,mdx
title-from-metal-boxes-to-custom-wood-lockers-how-sports-lockers-evolved-with-the-game,Title: From Metal Boxes to Custom Wood Lockers: How Sports Lockers Evolved With the Game,Let me tell you something straight from the shop floor: lockers aren’t what they used to be. Back when I first started building sports lockers over 30 years ago,Comparisons,2026-02-17,/blog/title-from-metal-boxes-to-custom-wood-lockers-how-sports-lockers-evolved-with-the-game,mdx
wood-vs-metal-sports-lockers-complete-2025-comparison-guide,Wood vs Metal Sports Lockers: Complete 2025 Comparison Guide,🎯 YOAST SEO SETTINGS: Focus Keyphrase:  wood vs metal sports lockers SEO Title:  Wood vs Metal Sports Lockers: Complete 2025 Comparison Guide | PlayerStall Met,Comparisons,2026-02-17,/blog/wood-vs-metal-sports-lockers-complete-2025-comparison-guide,mdx
wood-vs-metal-sports-lockers-what-weve-learned-after-30-years,Wood vs Metal Sports Lockers: What We've Learned After 30 Years,"Alright, so you're stuck trying to figure out whether to go with wood or metal lockers. Trust me, I've had this exact conversation probably a thousand times. Here's the real story.",Comparisons,2026-02-17,/blog/wood-vs-metal-sports-lockers-what-weve-learned-after-30-years,mdx
football-lockers-complete-guide-to-custom-athletic-storage-solutions,Football Lockers: Complete Guide to Custom Athletic Storage Solutions,Football Lockers: Complete Guide 2025 | PlayerStall Football Lockers: Complete Guide to Custom Athletic Storage Solutions American football programs require loc,Football,2026-01-25,/blog/football-lockers-complete-guide-to-custom-athletic-storage-solutions,mdx
football-lockers-complete-guide-to-custom-athletic-storage-solutions,Football Lockers: Complete Guide to Custom Athletic Storage Solutions,Football Lockers: Complete Guide 2025 | PlayerStall Football Lockers: Complete Guide to Custom Athletic Storage Solutions American football programs require loc,Uncategorized,2026-01-25,/blog/football-lockers-complete-guide-to-custom-athletic-storage-solutions,astro
hockey-wood-lockers-complete-2025-guide-for-ice-hockey-teams,Hockey Wood Lockers: Complete 2025 Guide for Ice Hockey Teams,"Complete guide to custom wood sports lockers for hockey teams. Equipment storage, ventilation, stick racks, and locker room design.",Hockey,2026-01-24,/blog/hockey-wood-lockers-complete-2025-guide-for-ice-hockey-teams,mdx
hockey-wood-lockers-complete-guide,Hockey Wood Lockers: Complete 2025 Guide for Ice Hockey Teams,"Complete guide to custom wood sports lockers for hockey teams. Equipment storage, ventilation, stick racks, and locker room design. 30+ years experience, 5 year warranty. Free consultation.",Hockey,2026-01-24,/blog/hockey-wood-lockers-complete-guide,astro
basketball-lockers-complete-guide-to-custom-athletic-storage-solutions,Basketball Lockers: Complete Guide to Custom Athletic Storage Solutions,Basketball Lockers: Complete Guide 2025 | PlayerStall Basketball Lockers: Complete Guide to Custom Athletic Storage Solutions Basketball programs require locker,Basketball,2026-01-22,/blog/basketball-lockers-complete-guide-to-custom-athletic-storage-solutions,mdx
basketball-lockers-complete-guide-to-custom-athletic-storage-solutions,Basketball Lockers: Complete Guide to Custom Athletic Storage Solutions,Basketball Lockers: Complete Guide 2025 | PlayerStall Basketball Lockers: Complete Guide to Custom Athletic Storage Solutions Basketball programs require locker,Uncategorized,2026-01-22,/blog/basketball-lockers-complete-guide-to-custom-athletic-storage-solutions,astro
hockey-lockers-complete-guide-to-custom-athletic-storage-solutions,Hockey Lockers: Complete Guide to Custom Athletic Storage Solutions,Hockey Lockers: Complete Guide 2025 | PlayerStall Hockey Lockers: Complete Guide to Custom Athletic Storage Solutions Hockey equipment is unlike anything else i,Hockey,2026-01-16,/blog/hockey-lockers-complete-guide-to-custom-athletic-storage-solutions,mdx
hockey-lockers-complete-guide-to-custom-athletic-storage-solutions,Hockey Lockers: Complete Guide to Custom Athletic Storage Solutions,Hockey Lockers: Complete Guide 2025 | PlayerStall Hockey Lockers: Complete Guide to Custom Athletic Storage Solutions Hockey equipment is unlike anything else i,Uncategorized,2026-01-16,/blog/hockey-lockers-complete-guide-to-custom-athletic-storage-solutions,astro
how-to-choose-sports-lockers,How to Choose Sports Lockers: Complete 2025 Buyer's Guide,"Complete guide on how to choose sports lockers: material comparison, sizing, budget planning, and customization options. 30+ years experience. Free consultation.",Buying Guides,2026-01-13,/blog/how-to-choose-sports-lockers,mdx
football-locker-room-design-guide,Football Locker Room Design: Complete Planning Guide for Athletic Directors,# Football Locker Room Design: Complete Planning Guide for Athletic Directors,Football,2026-01-08,/blog/football-locker-room-design-guide,mdx
football-locker-room-design-guide,Football Locker Room Design: Complete Planning Guide for Athletic Directors,Football Locker Room Design: Complete Planning Guide for Athletic Directors Let me tell you about the best football locker room design I\,Uncategorized,2026-01-08,/blog/football-locker-room-design-guide,astro
college-sports-lockers-buyer-guide,How to Choose Sports Lockers for College Teams: 2025 Buyer\,College Sports Lockers: 2025 Buyer\,Uncategorized,2026-01-08,/blog/college-sports-lockers-buyer-guide,astro
college-sports-lockers-buyer-guide,"How to Choose Sports Lockers for College Teams: 2025 Buyer\""",![](https://customsportslockers.com/wp-content/uploads/2026/01/image.png),College Athletics,2026-01-08,/blog/college-sports-lockers-buyer-guide,mdx
introduction-the-great-locker-debate,Introduction: The Great Locker Debate,Every athletic director faces the same question when planning a new locker room:  Should we choose wood or metal lockers? After three decades of manufacturing c,Comparisons,2025-11-30,/blog/introduction-the-great-locker-debate,mdx
wood-vs-metal-lockers-whats-best-for-your-athletic-facility,Wood vs Metal Lockers: What's Best for Your Athletic Facility?,"After 30+ years in the business, we've seen it all. Here's the truth about wood vs metal lockers—what works, what doesn't, and why wood is making a comeback in modern facilities.",Comparisons,2025-11-24,/blog/wood-vs-metal-lockers-whats-best-for-your-athletic-facility,mdx
wood-lockers-vs-metal-lockers-which-is-best-for-your-team,Wood Lockers vs. Metal Lockers: Which Is Best for Your Team?,"The Locker Room Debate If you’ve been in athletics long enough, you’ve seen it: the age-old debate between wood lockers and metal lockers. Some coaches and athl",Comparisons,2025-10-11,/blog/wood-lockers-vs-metal-lockers-which-is-best-for-your-team,mdx
from-college-dreams-to-pro-teams-how-lockers-tell-a-players-story,From College Dreams to Pro Teams: How Lockers Tell a Player’s Story,"More Than Just a Place for Gear When you think about a locker room , it’s easy to picture rows of lockers filled with sweaty uniforms, cleats, and gear. But ove",College Athletics,2025-10-04,/blog/from-college-dreams-to-pro-teams-how-lockers-tell-a-players-story,mdx
the-anatomy-of-a-perfect-locker-room-must-have-features-for-every-team,The Anatomy of a Perfect Locker Room: Must-Have Features for Every Team,"Why Locker Rooms Matter More Than You Think When people think about what makes a team successful, they often focus on coaching, training, or talent. But after m",Locker Room Design,2025-09-28,/blog/the-anatomy-of-a-perfect-locker-room-must-have-features-for-every-team,mdx
why-wood-lockers-are-making-a-comeback-in-modern-locker-rooms,Why Wood Lockers Are Making a Comeback in Modern Locker Rooms,"The Misconception About Lockers When most people picture a locker room, the first image that pops into their heads is rows of cold, dented metal lockers. They r",Comparisons,2025-09-21,/blog/why-wood-lockers-are-making-a-comeback-in-modern-locker-rooms,mdx
why-coaches-love-custom-wood-sports-lockers-function-meets-grit,Why Coaches Love Custom Wood Sports Lockers: Function Meets Grit,"Step into any winning program’s locker room and you’ll feel it: the grit, the pride, the discipline. But behind that energy is something often overlooked — the",Locker Room Design,2025-08-22,/blog/why-coaches-love-custom-wood-sports-lockers-function-meets-grit,mdx
whats-inside-a-football-locker-7-essentials-every-player-needs-2,What’s Inside a Football Locker? 7 Essentials Every Player Needs,"When you step into a locker room before game day, the energy is electric. Helmets line the benches, cleats scuff the floor, and each player heads straight to th",Football,2025-08-15,/blog/whats-inside-a-football-locker-7-essentials-every-player-needs-2,mdx
the-locker-room-ordering-experience-youve-been-waiting-for,The Locker Room Ordering Experience You’ve Been Waiting For,"Locker Rooms Should Inspire, Not Stress You Out Upgrading or building locker rooms shouldn’t feel like an endless maze of quotes, confusion, and back-and-forth",Buying Guides,2025-07-19,/blog/the-locker-room-ordering-experience-youve-been-waiting-for,mdx
wood-lockers-the-1-choice-for-college-sports-locker-rooms,Wood Lockers: The #1 Choice for College Sports Locker Rooms,"Why upgrade to wood lockers for your team? Meta Description: Discover why wood lockers for sale are the top pick for college football, hockey, and soccer locker",College Athletics,2025-07-15,/blog/wood-lockers-the-1-choice-for-college-sports-locker-rooms,mdx
how-the-right-sports-lockers-elevate-your-teams-locker-room,How the Right Sports Lockers Elevate Your Team’s Locker Room,"When I first started building wood sports lockers over three decades ago, my mission was simple: help teams build spaces that not only stored their gear, but al",Locker Room Design,2025-07-06,/blog/how-the-right-sports-lockers-elevate-your-teams-locker-room,mdx
whats-inside-a-football-locker-7-essentials-every-player-needs,What’s Inside a Football Locker? 7 Essentials Every Player Needs,"Over the years, I’ve built hundreds of custom sports lockers for football teams across North America. Some were for high schools just starting out. Others were",Football,2025-06-23,/blog/whats-inside-a-football-locker-7-essentials-every-player-needs,mdx
from-junior-a-to-ncaa-what-the-best-programs-do-differently-with-their-lockers,From Junior A to NCAA: What the Best Programs Do Differently with Their Lockers,"When I started building custom sports lockers out of my garage, I had one goal in mind: to help teams feel like pros—no matter their level. Over the years,...",College Athletics,2025-04-30,/blog/from-junior-a-to-ncaa-what-the-best-programs-do-differently-with-their-lockers,mdx
from-basic-to-pro-transforming-your-locker-room-on-any-budget,From Basic to Pro: Transforming Your Locker Room on Any Budget,"When it comes to sports, every detail matters — from game strategies to the locker room where the magic begins. A well-designed locker room isn’t just about aes",Locker Room Design,2025-01-27,/blog/from-basic-to-pro-transforming-your-locker-room-on-any-budget,mdx
complete-guide-custom-sports-lockers,The Complete Guide to Custom Sports Lockers: Everything Athletic Directors Need to Know,"Complete guide to custom sports lockers: planning, budgeting, design, installation, and ROI. 30+ years experience. Free custom design consultation included.",Buyer Guides,2025-01-22,/blog/complete-guide-custom-sports-lockers,astro
how-to-choose-sports-lockers-2025,How to Choose Sports Lockers: Complete 2025 Buying Guide,"Everything you need to know to make the right choice for your athletic facility. From sizing to materials to customization, this comprehensive guide covers it all.",Planning,2025-01-20,/blog/how-to-choose-sports-lockers-2025,astro
wood-vs-metal-sports-lockers-comparison,Wood vs Metal Sports Lockers: The Complete 2025 Comparison Guide,"After 30+ years in the business, we\",Design,2025-01-15,/blog/wood-vs-metal-sports-lockers-comparison,astro
true-cost-sports-lockers-roi,The True Cost of Sports Lockers: 15-Year Total Cost of Ownership Analysis,"Most athletic directors focus on upfront costs, but the real value is in total cost of ownership. We break down the hidden costs and show you how to calculate the true ROI of your locker room investment.",Planning,2025-01-10,/blog/true-cost-sports-lockers-roi,astro
locker-rooms-that-win-recruits,Locker Rooms That Win Recruits: What Top Athletes Actually Notice,Coaches call it their,Recruiting,2025-01-05,/blog/locker-rooms-that-win-recruits,astro
maintaining-wood-lockers,Maintaining Your Wood Lockers: 30 Years of Care Tips,"After three decades of making wood lockers, we\",Maintenance,2024-12-28,/blog/maintaining-wood-lockers,astro
7-step-locker-room-planning-process,The 7-Step Locker Room Planning Process: From Budget to Installation,"A comprehensive guide for athletic directors navigating their first locker room project. Learn how to plan, budget, and execute a successful locker room renovation or installation.",Design,2024-12-20,/blog/7-step-locker-room-planning-process,astro
building-championship-culture,Building Championship Culture: The Psychology of Locker Room Design,How locker design shapes team identity and builds belonging. Learn how the right locker room can transform team culture and create spaces where athletes feel valued and inspired.,Culture,2024-12-15,/blog/building-championship-culture,astro
locker-room-goals-creating-a-winning-atmosphere-off-the-field,Locker Room Goals: Creating a Winning Atmosphere Off the Field,"When you step into a locker room, it’s more than just a space to stash gear or suit up for the game. It’s the heartbeat of a team—a place where players prepare,",Locker Room Design,2024-12-15,/blog/locker-room-goals-creating-a-winning-atmosphere-off-the-field,mdx
hockey-locker-room-setup-complete-guide,Hockey Locker Room Setup: Everything You Need to Know,"Complete guide to hockey locker room setup. Learn about equipment storage, stick racks, ventilation, and creating the perfect hockey facility for your team.",Hockey,2024-12-10,/blog/hockey-locker-room-setup-complete-guide,astro
5-signs-its-time-to-upgrade-your-locker-room-with-the-best-lockers-for-sale,5 Signs It’s Time to Upgrade Your Locker Room with the Best Lockers for Sale,"When was the last time you walked into your team’s locker room and thought, “Wow, this place is a game-changer”? If you can’t remember, we need to talk. As some",Buying Guides,2024-12-06,/blog/5-signs-its-time-to-upgrade-your-locker-room-with-the-best-lockers-for-sale,mdx
complete-guide-customizing-sports-lockers,Complete Guide to Customizing Your Sports Lockers,"Learn about seat options, lock systems, interior hardware, and creating the perfect custom locker for your team. Everything you need to know about locker customization.",Customization,2024-12-05,/blog/complete-guide-customizing-sports-lockers,astro
why-modular-design-matters,Why Modular Design Matters: The Hidden Value of Replaceable Parts,Learn how modular locker design saves money and extends locker life. Discover the benefits of replaceable parts and easy maintenance that keeps your lockers looking professional for 15+ years.,Design,2024-11-28,/blog/why-modular-design-matters,astro
college-facilities-locker-solution,College Athletic Facilities: Choosing the Right Locker Solution,"Complete guide for college athletic facilities choosing locker solutions. Learn about budget planning, multi-sport needs, and creating facilities that support recruiting and team success.",College Athletics,2024-11-20,/blog/college-facilities-locker-solution,astro
college-athletic-locker-guide,College Locker Room Design Guide for Athletic Directors (2025),"Step-by-step playbook for college athletic facilities choosing custom locker solutions: budgets, compliance, recruiting impact, and maintenance.",College Athletics,2024-11-20,/blog/college-athletic-locker-guide,astro
behind-the-locker-doors-secrets-to-long-lasting-football-lockers,Behind the Locker Doors: Secrets to Long-Lasting Football Lockers,"When it comes to football lockers, durability isn’t just a bonus—it’s a necessity. For collegiate teams, high school programs, and professional organizations al",Football,2024-11-19,/blog/behind-the-locker-doors-secrets-to-long-lasting-football-lockers,mdx
top-5-locker-room-must-haves-for-collegiate-teams,Top 5 Locker Room Must-Haves for Collegiate Teams,"When it comes to building a winning team, the action doesn’t just happen on the field, court, or ice—it starts in the locker room. A well-designed, functional,",College Athletics,2024-11-16,/blog/top-5-locker-room-must-haves-for-collegiate-teams,mdx
sport-specific-locker-design,Sport-Specific Locker Design: Meeting Each Sport\,"Every sport has unique equipment needs. Learn how to design lockers for football, basketball, hockey, baseball, and soccer with sport-specific configurations that maximize organization and functionality.",Design,2024-11-15,/blog/sport-specific-locker-design,astro
beyond-the-game-how-locker-room-upgrades-can-impress-recruits-and-elevate-your-program,Beyond the Game: How Locker Room Upgrades Can Impress Recruits and Elevate Your Program,### Why First Impressions Matter in Collegiate Sports,College Athletics,2024-11-10,/blog/beyond-the-game-how-locker-room-upgrades-can-impress-recruits-and-elevate-your-program,mdx
locker-room-installation-guide,Locker Room Installation Guide: What to Expect and How to Prepare,"Complete guide to locker room installation. Learn what to expect, how to prepare, timeline planning, and ensuring a successful installation that minimizes disruption to your program.",Installation,2024-11-10,/blog/locker-room-installation-guide,astro
locker-room-faux-pas-top-10-design-mistakes-coaches-make-and-how-to-avoid-them,Locker Room Faux Pas: Top 10 Design Mistakes Coaches Make and How to Avoid Them,"When it comes to locker rooms, every coach and sports team owner wants a space that’s functional, inspiring, and reflective of the team’s dedication to success.",Locker Room Design,2024-11-09,/blog/locker-room-faux-pas-top-10-design-mistakes-coaches-make-and-how-to-avoid-them,mdx
beyond-the-stadium-10-game-day-rituals-every-football-fan-needs-to-try,Beyond the Stadium: 10 Game Day Rituals Every Football Fan Needs to Try,The Game Day Hype Every Football Fan Knows There’s something about football season that brings out our inner superfan. Maybe it’s the thrill of a touchdown in t,Football,2024-11-06,/blog/beyond-the-stadium-10-game-day-rituals-every-football-fan-needs-to-try,mdx
football-lockers-101-building-the-perfect-setup-for-your-team-locker-room,Football Lockers 101: Building the Perfect Setup for Your Team Locker Room,"When it comes to crafting the ideal locker room for your team, football lockers are a crucial part of the setup. Think about it—this is where your players prepa",Football,2024-11-05,/blog/football-lockers-101-building-the-perfect-setup-for-your-team-locker-room,mdx
the-gross-truth-about-sports-equipment-why-clean-lockers-matter-more-than-you-think,The Gross Truth About Sports Equipment: Why Clean Lockers Matter More Than You Think,"Let’s face it – sports gear is notorious for gathering grit, sweat, and all kinds of funk. You’ve got hours of hard work and dedication built into that equipmen",Maintenance & Care,2024-11-03,/blog/the-gross-truth-about-sports-equipment-why-clean-lockers-matter-more-than-you-think,mdx
how-a-quality-locker-room-can-improve-team-performance-and-recruiting-power,How a Quality Locker Room Can Improve Team Performance and Recruiting Power,"In the world of competitive sports, there’s a lot that goes into building a winning team—strategy, skill, training, and a good dose of grit. But here’s a secret",College Athletics,2024-10-31,/blog/how-a-quality-locker-room-can-improve-team-performance-and-recruiting-power,mdx
building-a-championship-team-culture,Building a Championship Team Culture,"For any team aiming for success, having a sports lockers is only part of the equation (of course). Championship-level success requires a strong, unified culture",Locker Room Design,2024-10-30,/blog/building-a-championship-team-culture,mdx
organize-your-football-locker,Organize Like a Pro: What Athletes Keep in Their Football Lockers,"Alright, athletes, let's get real for a second. Your football locker isn't just a spot to shove your cleats and hope they don’t stink up the place. It’s your...",Football,2024-10-28,/blog/organize-your-football-locker,mdx
new-wood-lockers-for-sale,New Wood Lockers for Sale,PlayerStall has a variety of wood lockers for sale to fit any need. Are you looking for new locker room lockers for your sports team or just looking for a coupl,Buying Guides,2023-02-25,/blog/new-wood-lockers-for-sale,mdx
sports-lockers-to-upgrade-your-locker-room,Sports lockers to upgrade your locker room,"PlayerStall sports lockers have been helping teams for decades to upgrade their locker room. Having helped over 500 teams across North America, we are proud on",Locker Room Design,2023-02-14,/blog/sports-lockers-to-upgrade-your-locker-room,mdx
playerstall-sports-lockers-for-the-people,PlayerStall- Sports Lockers for the People,PlayerStall sports lockers are a high quality wood locker that is affordable for all types of levels of athletes. Most of our competitors offer a similar locker,Buying Guides,2023-02-12,/blog/playerstall-sports-lockers-for-the-people,mdx
wood-lockers-are-the-best-choice-for-locker-room-lockers,Wood lockers are the best choice for locker room lockers,"Wood lockers have become a popular way for teams to create a unique and inviting atmosphere for their recruits. With wood lockers, teams can show potential recr",Buying Guides,2023-01-31,/blog/wood-lockers-are-the-best-choice-for-locker-room-lockers,mdx
sports-lockers-selection-guide-what-matters,Sports Lockers selection guide- What matters?,"When selecting sports lockers, it's important to consider the sport the locker will be used for, the location of the locker, the time frame for delivery, and...",Buying Guides,2023-01-28,/blog/sports-lockers-selection-guide-what-matters,mdx
locker-room-lockers-that-last,Locker room lockers that last,"PlayerStall Sports Lockers was founded with the goal of providing a superior solution for storing and drying sports equipment, particularly locker room lockers.",Buying Guides,2023-01-21,/blog/locker-room-lockers-that-last,mdx
sports-lockers-whats-the-difference-between-plywood-and-mdf,Sports Lockers: What's the Difference Between Plywood and MDF?,There are lots of options when it comes to choosing sports lockers. Learn about the key differences between plywood and particle board construction for durability.,Comparisons,2023-01-19,/blog/sports-lockers-whats-the-difference-between-plywood-and-mdf,mdx
playerstall-sports-lockers-is-your-recruiting-edge,PlayerStall Sports lockers is your recruiting edge,"PlayerStall sports lockers offers a range of high-quality and durable wood lockers for all levels of sports teams, from colleges and universities to pro teams a",College Athletics,2023-01-17,/blog/playerstall-sports-lockers-is-your-recruiting-edge,mdx
wood-lockers-will-save-you-valuable-time,Wood lockers will save you valuable time,"Like PlayerStall wood lockers, Hockey players are known for their toughness, but they also understand the importance of maintaining their equipment to protect t",Buying Guides,2023-01-16,/blog/wood-lockers-will-save-you-valuable-time,mdx
playerstall-your-sports-locker-pros,PlayerStall- Your Sports Locker Pros,"PlayerStall was born out of a need for a better solution for storing and drying hockey equipment. The current sports locker on the market were not satisfactory,",Buying Guides,2023-01-11,/blog/playerstall-your-sports-locker-pros,mdx
a-sports-locker-keep-you-clean,A Sports locker keep you clean,"After an intense game, it's essential to take care of your gear by cleaning and drying it thoroughly. Damp or moist equipment can lead to unpleasant odors.",Maintenance & Care,2023-01-10,/blog/a-sports-locker-keep-you-clean,mdx
sports-equipment-storage-will-keep-your-gear-healthy,Sports equipment storage will keep your gear healthy,"After a hard-fought game, it's time to freshen up and get your gear clean and dry. To prevent your sports equipment from developing odors and mold, it's...",Maintenance & Care,2023-01-07,/blog/sports-equipment-storage-will-keep-your-gear-healthy,mdx
level-up-your-mudroom-using-wood-lockers,Level up your mudroom using wood lockers,"Mudrooms are an essential part of any sports playing family these days. PlayerStall Wood Lockers can help keep your mudroom organised, clean and looking great.",Home Storage,2023-01-04,/blog/level-up-your-mudroom-using-wood-lockers,mdx
a-good-looking-locker-room-is-good-business,A good looking locker room is good business,"A good looking locker room is an important feature for any club, whether it's a gym, sports team, or recreational facility. Not only do clean and...",Locker Room Design,2022-12-29,/blog/a-good-looking-locker-room-is-good-business,mdx
plywood-vs-mdf-which-one-is-better-for-sports-lockers,Plywood vs. MDF- Which one is better for Sports Lockers?,"Plywood and MDF, or medium-density fiberboard, are both commonly used in the construction of sports lockers but they have some significant differences that can",Comparisons,2022-12-28,/blog/plywood-vs-mdf-which-one-is-better-for-sports-lockers,mdx
up-your-game-with-a-professional-locker-room,Up your game with a professional locker room,Having a nice locker room is essential for recruiting talented sports players. It is the place where athletes spend a significant amount of time before and afte,Locker Room Design,2022-12-27,/blog/up-your-game-with-a-professional-locker-room,mdx
save-your-sanity-and-get-a-mudroom-locker,Save your sanity and get a mudroom locker,"Mudroom lockers in a garage can provide numerous benefits for families with young athletes. First and foremost, mudroom lockers can help to keep sports equipmen",Home Storage,2022-12-26,/blog/save-your-sanity-and-get-a-mudroom-locker,mdx
great-looking-locker-rooms-helps-kids-confidence,Great looking locker rooms helps kids confidence,"As a young athlete, having access to good sports equipment can have a major impact on one's attitude and overall enjoyment of the sport. In particular, having...",Locker Room Design,2022-12-25,/blog/great-looking-locker-rooms-helps-kids-confidence,mdx
mudroom-lockers-are-a-great-addition-for-young-athletes,Mudroom Lockers are a great addition for young athletes,"Mudroom lockers are a great addition to any garage, especially if you have young athletes in the household. These lockers provide a convenient and organized spa",Home Storage,2022-12-24,/blog/mudroom-lockers-are-a-great-addition-for-young-athletes,mdx
wood-lockers-help-kids-feel-more-professional,Wood lockers help kids feel more professional,"Having good sports equipment can greatly impact the attitude of young athletes. It can create a sense of professionalism and inspire a positive mindset, leading",Locker Room Design,2022-12-23,/blog/wood-lockers-help-kids-feel-more-professional,mdx
use-a-stick-rack-to-keep-your-sticks-organized,Use a stick rack to keep your sticks organized,"Using a stick rack for hockey can provide numerous benefits for players and teams. A stick rack, also known as a hockey stick rack, is a piece of equipment used",Hockey,2022-12-21,/blog/use-a-stick-rack-to-keep-your-sticks-organized,mdx
wood-lockers-attract-the-best-talent,Wood lockers attract the best talent,"Using wood lockers in a sports locker room can have a variety of benefits in recruiting top players to a team. First and foremost, wood lockers can provide a se",College Athletics,2022-12-18,/blog/wood-lockers-attract-the-best-talent,mdx
wood-lockers-are-the-right-choice,Wood Lockers are the right choice,"There are several reasons why teams may choose to outfit their locker rooms with wood lockers. First and foremost, wood lockers offer a classic and traditional",Buying Guides,2022-12-17,/blog/wood-lockers-are-the-right-choice,mdx
why-wood-lockers-are-better-than-metal-lockers,Why wood lockers are better than metal lockers,"Wood lockers have a number of benefits compared to metal lockers in terms of appearance, aesthetics, quality, health, and environmental impact. These benefits m",Comparisons,2022-12-16,/blog/why-wood-lockers-are-better-than-metal-lockers,mdx
help-out-morale-with-a-sports-locker,Help out morale with a sports locker,"A good looking locker room is important for a number of reasons. For one, it sets the tone for the team and creates a sense of professionalism and pride. When a",Locker Room Design,2022-12-15,/blog/help-out-morale-with-a-sports-locker,mdx
a-nice-locker-room-makes-your-team-look-pro,A nice locker room makes your team look Pro,The importance of having a nice locker room for recruiting talented sports players cannot be overstated. A locker room is not just a place for players to store,Locker Room Design,2022-12-14,/blog/a-nice-locker-room-makes-your-team-look-pro,mdx
sports-lockers-help-recruitment,Sports Lockers help recruitment,"As a coach or team manager, one of the most important tasks is recruiting talented sports players to your team. One factor that can greatly impact a potential p",College Athletics,2022-12-14,/blog/sports-lockers-help-recruitment,mdx
sports-locker-prevent-bacteria-and-stinky-equipment,Sports locker prevent bacteria and stinky equipment,There are few things worse in hockey than opening your equipment bag and being hit in the face by the stench of,Maintenance & Care,2022-12-13,/blog/sports-locker-prevent-bacteria-and-stinky-equipment,mdx
wood-lockers-vs-metal-lockers-whats-the-better-choice,Wood Lockers vs. Metal Lockers: What's the Better Choice?,"Wood lockers have a number of benefits compared to metal lockers. They are more aesthetically pleasing, durable, and resistant to moisture and mold.",Comparisons,2022-12-13,/blog/wood-lockers-vs-metal-lockers-whats-the-better-choice,mdx
sports-lockers-help-avoid-sports-related-infections,Sports Lockers help avoid sports related infections,Sports related infections and bacteria are a common concern for athletes and those involved in sports. These infections and bacteria can be spread through conta,Maintenance & Care,2022-12-11,/blog/sports-lockers-help-avoid-sports-related-infections,mdx
professional-locker-rooms-help-recruitment,Professional Locker rooms help recruitment,Professional looking locker rooms help recruit the best players for your team. Having a locker room outfitted with sports lockers is an easy way to get the best,College Athletics,2022-12-08,/blog/professional-locker-rooms-help-recruitment,mdx
hockey-stick-racks,Hockey Stick racks will keep your locker rooms organized,"Hockey stick racks and wood lockers are essential tools for organizing and storing hockey equipment. These items help to keep gear organized, accessible, and in",Hockey,2022-12-07,/blog/hockey-stick-racks,mdx
why-choose-wood-lockers-for-your-sports-team,Why choose wood lockers for your sports team?,"Are Wood lockers a good choice for your team? Wood lockers have long been a staple in locker rooms, particularly in schools and sports facilities. These sturdy",Buying Guides,2022-12-07,/blog/why-choose-wood-lockers-for-your-sports-team,mdx
storage-solution-using-sports-lockers,Storage solution using Sports Lockers,"Athletic lockers are an essential component of any sports facility, providing a secure and organized space for athletes to store their gear and personal belongi",Buying Guides,2022-12-06,/blog/storage-solution-using-sports-lockers,mdx
wood-lockers-for-the-neat-and-tidy-garage,Organize with Wood Lockers,"The Wood Locker to keep your garage more organized   Wood lockers are going to turn your crowded garage into a spacious spot. From paint cans to bikes, the gara",Home Storage,2017-11-21,/blog/wood-lockers-for-the-neat-and-tidy-garage,mdx
quality-wood-lockers-make-life-easier,Quality Wood Lockers to make your Life easier,Have you ever thought of using wood lockers to help organize your sports equipment? Which parent doesn’t love scrambling before the game looking for your kids m,Buying Guides,2017-11-03,/blog/quality-wood-lockers-make-life-easier,mdx
wood-lockers-help-keep-equipment-clean,Wood Lockers help keep your equipment clean,Wood Lockers help kill sports equipment bacteria   Anyone who plays sports can confirm the need to keep your sports equipment clean and disinfected. Most sports,Maintenance & Care,2017-10-07,/blog/wood-lockers-help-keep-equipment-clean,mdx
cheap-lockers,Tired of cheap lockers?,Tired of that Flimsy Sports Locker ? Switch to PlayerStall Sports Locker!   Storing and organizing your kid’s sports equipment can be a real pain. To avoid thos,Buying Guides,2017-09-29,/blog/cheap-lockers,mdx
wood-lockers-dry,Sports Locker DIY,Wood Lockers will keep your sports equipment Dry and clean!   Most sports are a rough and tumble activity and cuts and bruises are just part of the game. A simp,Maintenance & Care,2017-09-03,/blog/wood-lockers-dry,mdx
simple-tips-keep-sports-equipment-top-shape,Simple Tips to keep your Sports Equipment in Top Shape,"Keep your Sports Equipment in Top shape with these simple Tips   If you are an athlete, you need your equipment to be strong and durable to keep you safe during",Maintenance & Care,2017-07-23,/blog/simple-tips-keep-sports-equipment-top-shape,mdx
best-sports-equipment-storage-solution,The Best Sports Equipment Storage Solution,"Our Wood Lockers are the best sports equipment storage solution on the market If you are involved with sports in any way, be it as a coach or a parent of a youn",Buying Guides,2017-06-18,/blog/best-sports-equipment-storage-solution,mdx
best-sports-equipment-storage-solution,The Best Sports Equipment Storage Solution,"Our Wood Lockers are the best sports equipment storage solution on the market If you are involved with sports in any way, be it as a coach or a parent of a youn",Uncategorized,2017-06-18,/blog/best-sports-equipment-storage-solution,astro
take-back-mudroom-garage-playerstall-sports-lockers,Take back your garage with PlayerStall Sports Lockers,Take back your mudroom or garage with PlayerStall Sports Lockers   Anybody with kids in sports probably has probably gotten quite frustrated with the mess and s,Home Storage,2017-05-22,/blog/take-back-mudroom-garage-playerstall-sports-lockers,mdx
lockers-for-sale,Lockers for Sale- PlayerStall,"# If you are looking for lockers for sale, you've come to the right place!",Buying Guides,2017-05-21,/blog/lockers-for-sale,mdx
lockers-for-sale,Lockers for Sale- PlayerStall,"If you are looking for lockers for sale, you\",Lockers For Sale,2017-05-21,/blog/lockers-for-sale,astro
sports-lockers-safety-tips,Sports Lockers Safety Tips- Locker Room Ettiquette,"Sports Lockers Safety Tips- Locker Room Ettiquette   You might be an honest person who doesn’t steal when you are in the locker room, but don’t assume that ever",Maintenance & Care,2017-05-19,/blog/sports-lockers-safety-tips,mdx
custom-sports-lockers-team,Custom Sports Lockers for your team,"Custom Sports Lockers for your team   If you are looking for locker room lockers, Custom made sports lockers are not as expensive as you think. Many locker manu",Buying Guides,2017-05-17,/blog/custom-sports-lockers-team,mdx
football-lockers-stinky-football-gear,Stinky Football Gear?,Stinky Football Gear? We have the solution! Football Lockers.   Football Lockers are the answer! Everybody who plays sports knows that horrid stink that your sw,Football,2017-05-16,/blog/football-lockers-stinky-football-gear,mdx
athletic-lockers-safety-tips-locker-room,Athletic Lockers- Safety tips in the Locker Room,"Safety tips in the Locker Room   While sitting in your athletic lockers, look around at the potential for injury. Staying safe is a given, especially on the fie",Maintenance & Care,2017-05-14,/blog/athletic-lockers-safety-tips-locker-room,mdx
sports-lockers-keep-garage-organized,Sports lockers keeps your garage organized,Wood Sports lockers to keep your garage organized   The thought of keeping your garage or mudroom organized is both ideal and daunting. If you have an athlete o,Home Storage,2017-05-12,/blog/sports-lockers-keep-garage-organized,mdx
choose-athletic-lockers,Why Choose Athletic Lockers?,Why Choose Athletic Lockers?   Athletic lockers have been tested and proven to be the best when it comes to providing ample space for sports equipment and venti,Buying Guides,2017-05-10,/blog/choose-athletic-lockers,mdx
sports-lockers-equipment-good-shape,Sports Lockers- Some tips on how to keep your Hockey equipment in Good Shape,Sports Lockers- Some tips on how to keep your Hockey equipment in Good Shape   Hockey players are known to be a tough breed but even they know that their equipm,Hockey,2017-05-08,/blog/sports-lockers-equipment-good-shape,mdx
sports-lockers-select-best-one,Sports Lockers and how to select the Best one for you!,"Selecting Lockers- Critical Questions To Ask Yourself Before Buying Sports Lockers.   When it comes to selecting a sports lockers , you may find it a bit daunti",Buying Guides,2017-05-07,/blog/sports-lockers-select-best-one,mdx
choose-best-sports-lockers-find,Sports Lockers-How To Choose The Best Sports Lockers,Sports Lockers-How To Choose The Best Sports Lockers Selecting the right sports lockers may not be an easy task since there are so many brands and locker materi,Buying Guides,2017-05-03,/blog/choose-best-sports-lockers-find,mdx
sports-lockers-storage-problem-solved,"Sports Lockers- For any sport you play, we have your sports equipment storage problem solved","Sports Lockers- For any sport you play, we have your sports equipment storage problem solved   At PlayerStall Athletic Lockers , we have the sports lockers and",Buying Guides,2017-05-01,/blog/sports-lockers-storage-problem-solved,mdx
sports-lockers-complete-storage-solution,Sports Lockers- The Complete Sports Equipment Storage Solution,Sports Lockers- The Complete Sports Equipment Storage Solution   Sports Lockers are the easiest way to keeping your sports equipment dry and organized. Place yo,Buying Guides,2017-05-01,/blog/sports-lockers-complete-storage-solution,mdx
athletic-lockers-dont-damage-equipment,Athletic Lockers- Learn How to Wash Your Equipment Without Damaging It,Athletic Lockers- Learn How to Wash Your Equipment Without Damaging It Are you looking for a sports equipment storage solution that is tailored to ensure all yo,Maintenance & Care,2017-04-29,/blog/athletic-lockers-dont-damage-equipment,mdx
making-life-easier-wood-lockers,Making Life Easier with Sports Lockers,PlayerStall Sports Lockers: Making Life Easier with Sports Lockers   Every player wants their locker room to appear attractive and organized as well. The secret,Buying Guides,2017-04-28,/blog/making-life-easier-wood-lockers,mdx
clean-football-equipment,Simple Steps To Clean Your Shoulder Pads,Simple Steps To Clean Your Shoulder Pads   Football Lockers are a simple and effective way of keeping your shoulder pads dry and organized. If you are an avid f,Football,2017-04-27,/blog/clean-football-equipment,mdx
athletic-lockers-disinfection,Athletic Lockers- Top 3 Ways of Ensuring we are free from Infections,"Athletic Lockers- Top 3 Ways of Ensuring we are f ree from Infections   As hockey players, cleanliness of your gear is paramount. A great and easy way to dry an",Maintenance & Care,2017-04-25,/blog/athletic-lockers-disinfection,mdx
sport-equipment-storage,Cleaning and Sport Equipment storage: An Effective Yet Simple Solution For Killing Game-Changing Bacteria,# Sports Equipment Storage: An Effective Yet Simple Solution For Killing Game-Changing Bacteria,Maintenance & Care,2017-04-23,/blog/sport-equipment-storage,mdx
sports-lockers-local-sports-team,Sports Lockers for your local Sports Team,Sports Lockers for your local sports team   Locker rooms in sports stadiums and athletic centers can be furnished with a variety of open access sports lockers.,Buying Guides,2017-04-21,/blog/sports-lockers-local-sports-team,mdx
come-see-latest-sports-locker-rooms-done,Come see our latest Sports Locker Rooms we have done!,Custom Sports Locker Rooms [embed]https://www.youtube.com/watch?v=Rp6iqtv6ZQU[/embed] We custom design locker rooms for Amateur and Professional Sports teams al,Locker Room Design,2017-04-08,/blog/come-see-latest-sports-locker-rooms-done,mdx
sportsequipmentstorage,Sports lockers are an excellent sport equipment storage solution,Sports equipment storage So you have spent a lot of money on your sports equipment and now the challenge is to find some sports equipment storage for it. If you,Buying Guides,2017-04-03,/blog/sportsequipmentstorage,mdx
custom-sports-locker-solutions,Custom sports locker solutions for keeping your gear organized,"Keep your Sports Gear Organized! Do you get annoyed when you have no convenient place to store your sports gear? When you go and grab your equipment, is it stil",Buying Guides,2017-03-31,/blog/custom-sports-locker-solutions,mdx
every-athlete-needs-sports-locker,Why every athlete needs a Sports Locker,Why every athlete needs a Sports Locker The game starts in 10 minutes and you’re still running around searching for your equipment. You’ve found it! But now you,Buying Guides,2017-03-31,/blog/every-athlete-needs-sports-locker,mdx
stick-racks-smelly-socks-how-to-tame-the-chaos-in-a-hockey-locker-room,Stick Racks & Smelly Socks: How to Tame the Chaos in a Hockey Locker Room,"Let’s face it— hockey locker rooms can get downright disgusting. Between the mountain of gear, soggy socks that haven’t seen daylight in weeks, and sticks piled",Hockey,,/blog/stick-racks-smelly-socks-how-to-tame-the-chaos-in-a-hockey-locker-room,mdx